time,open,high,low,close
2022-06-28 21:00:00+00:00,1.05196,1.05356,1.04352,1.04416
2022-06-29 21:00:00+00:00,1.04410,1.04888,1.03824,1.04834
2022-06-30 21:00:00+00:00,1.04837,1.04858,1.03655,1.04265
2022-07-03 21:00:00+00:00,1.04245,1.04629,1.04172,1.04228
2022-07-04 21:00:00+00:00,1.04234,1.04488,1.02352,1.02652
2022-07-05 21:00:00+00:00,1.02676,1.02768,1.01615,1.01851
2022-07-06 21:00:00+00:00,1.01824,1.02212,1.01442,1.01614
2022-07-07 21:00:00+00:00,1.01639,1.01914,1.00716,1.01854
2022-07-10 21:00:00+00:00,1.01783,1.01836,1.00337,1.00393
2022-07-11 21:00:00+00:00,1.00400,1.00739,1.00000,1.00374
2022-07-12 21:00:00+00:00,1.00363,1.01224,0.99980,1.00580
2022-07-13 21:00:00+00:00,1.00595,1.00600,0.99522,1.00206
2022-07-14 21:00:00+00:00,1.00180,1.00980,1.00070,1.00878
2022-07-17 21:00:00+00:00,1.00853,1.02014,1.00787,1.01444
2022-07-18 21:00:00+00:00,1.01430,1.02694,1.01196,1.02258
2022-07-19 21:00:00+00:00,1.02275,1.02734,1.01554,1.01810
2022-07-20 21:00:00+00:00,1.01784,1.02781,1.01536,1.02304
2022-07-21 21:00:00+00:00,1.02288,1.02554,1.01298,1.02151
2022-07-24 21:00:00+00:00,1.02145,1.02579,1.01786,1.02224
2022-07-25 21:00:00+00:00,1.02195,1.02502,1.01076,1.01174
2022-07-26 21:00:00+00:00,1.01164,1.02209,1.00968,1.01996
2022-07-27 21:00:00+00:00,1.01990,1.02346,1.01140,1.01964
2022-07-28 21:00:00+00:00,1.01968,1.02543,1.01460,1.02266
2022-07-31 21:00:00+00:00,1.02175,1.02754,1.02056,1.02602
2022-08-01 21:00:00+00:00,1.02612,1.02940,1.01636,1.01660
2022-08-02 21:00:00+00:00,1.01657,1.02104,1.01228,1.01692
2022-08-03 21:00:00+00:00,1.01660,1.02538,1.01542,1.02468
2022-08-04 21:00:00+00:00,1.02473,1.02523,1.01416,1.01814
2022-08-07 21:00:00+00:00,1.01755,1.02220,1.01592,1.01936
2022-08-08 21:00:00+00:00,1.01928,1.02474,1.01887,1.02129
2022-08-09 21:00:00+00:00,1.02130,1.03688,1.02019,1.02996
2022-08-10 21:00:00+00:00,1.03006,1.03644,1.02755,1.03240
2022-08-11 21:00:00+00:00,1.03198,1.03274,1.02384,1.02590
2022-08-14 21:00:00+00:00,1.02571,1.02683,1.01544,1.01596
2022-08-15 21:00:00+00:00,1.01620,1.01949,1.01226,1.01709
2022-08-16 21:00:00+00:00,1.01705,1.02031,1.01454,1.01781
2022-08-17 21:00:00+00:00,1.01773,1.01932,1.00794,1.00876
2022-08-18 21:00:00+00:00,1.00884,1.00956,1.00321,1.00416
2022-08-21 21:00:00+00:00,1.00405,1.00467,0.99262,0.99419
2022-08-22 21:00:00+00:00,0.99430,1.00186,0.99006,0.99672
2022-08-23 21:00:00+00:00,0.99698,0.99994,0.99101,0.99682
2022-08-24 21:00:00+00:00,0.99673,1.00336,0.99492,0.99740
2022-08-25 21:00:00+00:00,0.99738,1.00902,0.99466,0.99632
2022-08-28 21:00:00+00:00,0.99460,1.00292,0.99143,0.99982
2022-08-29 21:00:00+00:00,0.99986,1.00550,0.99820,1.00160
2022-08-30 21:00:00+00:00,1.00145,1.00792,0.99713,1.00544
2022-08-31 21:00:00+00:00,1.00542,1.00567,0.99108,0.99470
2022-09-01 21:00:00+00:00,0.99448,1.00336,0.99430,0.99564
2022-09-04 21:00:00+00:00,0.99294,0.99444,0.98780,0.99302
2022-09-05 21:00:00+00:00,0.99284,0.99866,0.98640,0.99059
2022-09-06 21:00:00+00:00,0.99080,1.00110,0.98756,1.00072
2022-09-07 21:00:00+00:00,1.00090,1.00302,0.99306,0.99992
2022-09-08 21:00:00+00:00,0.99969,1.01136,0.99966,1.00467
2022-09-11 21:00:00+00:00,1.01020,1.01978,1.00598,1.01222
2022-09-12 21:00:00+00:00,1.01226,1.01872,0.99670,0.99674
2022-09-13 21:00:00+00:00,0.99699,1.00239,0.99556,0.99790
2022-09-14 21:00:00+00:00,0.99758,1.00178,0.99558,0.99972
2022-09-15 21:00:00+00:00,1.00010,1.00364,0.99452,1.00170
2022-09-18 21:00:00+00:00,1.00122,1.00294,0.99660,1.00253
2022-09-19 21:00:00+00:00,1.00252,1.00507,0.99552,0.99700
2022-09-20 21:00:00+00:00,0.99752,0.99768,0.98131,0.98382
2022-09-21 21:00:00+00:00,0.98373,0.99076,0.98073,0.98346
2022-09-22 21:00:00+00:00,0.98368,0.98521,0.96682,0.96914
2022-09-25 21:00:00+00:00,0.96755,0.97098,0.95514,0.96090
2022-09-26 21:00:00+00:00,0.96094,0.96710,0.95692,0.95936
2022-09-27 21:00:00+00:00,0.95907,0.97510,0.95360,0.97368
2022-09-28 21:00:00+00:00,0.97351,0.98151,0.96358,0.98140
2022-09-29 21:00:00+00:00,0.98168,0.98539,0.97346,0.98016
2022-10-02 21:00:00+00:00,0.97969,0.98446,0.97529,0.98250
2022-10-03 21:00:00+00:00,0.98258,0.99996,0.98062,0.99879
2022-10-04 21:00:00+00:00,0.99870,0.99952,0.98348,0.98854
2022-10-05 21:00:00+00:00,0.98853,0.99266,0.97883,0.97922
2022-10-06 21:00:00+00:00,0.97901,0.98170,0.97262,0.97422
2022-10-09 21:00:00+00:00,0.97356,0.97534,0.96816,0.97046
2022-10-10 21:00:00+00:00,0.97036,0.97748,0.96704,0.97036
2022-10-11 21:00:00+00:00,0.97085,0.97350,0.96679,0.97038
2022-10-12 21:00:00+00:00,0.97012,0.98061,0.96315,0.97789
2022-10-13 21:00:00+00:00,0.97746,0.98088,0.97074,0.97237
2022-10-16 21:00:00+00:00,0.97253,0.98522,0.97200,0.98446
2022-10-17 21:00:00+00:00,0.98402,0.98757,0.98128,0.98588
2022-10-18 21:00:00+00:00,0.98570,0.98727,0.97572,0.97726
2022-10-19 21:00:00+00:00,0.97723,0.98455,0.97546,0.97886
2022-10-20 21:00:00+00:00,0.97861,0.98692,0.97049,0.98605
2022-10-23 21:00:00+00:00,0.98679,0.98996,0.98070,0.98736
2022-10-24 21:00:00+00:00,0.98753,0.99768,0.98488,0.99679
2022-10-25 21:00:00+00:00,0.99662,1.00888,0.99434,1.00852
2022-10-26 21:00:00+00:00,1.00812,1.00938,0.99577,0.99648
2022-10-27 21:00:00+00:00,0.99655,0.99982,0.99265,0.99660
2022-10-30 21:00:00+00:00,0.99548,0.99658,0.98730,0.98828
2022-10-31 21:00:00+00:00,0.98812,0.99540,0.98530,0.98742
2022-11-01 21:00:00+00:00,0.98836,0.99760,0.98130,0.98156
2022-11-02 21:00:00+00:00,0.98188,0.98398,0.97302,0.97500
2022-11-03 21:00:00+00:00,0.97531,0.99666,0.97426,0.99589
2022-11-06 22:00:00+00:00,0.99086,1.00345,0.99048,1.00210
2022-11-07 22:00:00+00:00,1.00181,1.00965,0.99716,1.00732
2022-11-08 22:00:00+00:00,1.00769,1.00884,0.99930,1.00117
2022-11-09 22:00:00+00:00,1.00118,1.02220,0.99354,1.02076
2022-11-10 22:00:00+00:00,1.02063,1.03642,1.01632,1.03542
2022-11-13 22:00:00+00:00,1.03351,1.03586,1.02716,1.03271
2022-11-14 22:00:00+00:00,1.03282,1.04815,1.02802,1.03481
2022-11-15 22:00:00+00:00,1.03489,1.04386,1.03309,1.03944
2022-11-16 22:00:00+00:00,1.03920,1.04068,1.03053,1.03650
2022-11-17 22:00:00+00:00,1.03626,1.03962,1.03138,1.03223
2022-11-20 22:00:00+00:00,1.03253,1.03334,1.02227,1.02416
2022-11-21 22:00:00+00:00,1.02444,1.03082,1.02389,1.03026
2022-11-22 22:00:00+00:00,1.03035,1.04052,1.02966,1.03954
2022-11-23 22:00:00+00:00,1.03992,1.04485,1.03818,1.04118
2022-11-24 22:00:00+00:00,1.04110,1.04293,1.03548,1.03965
2022-11-27 22:00:00+00:00,1.03769,1.04968,1.03302,1.03406
2022-11-28 22:00:00+00:00,1.03398,1.03946,1.03202,1.03290
2022-11-29 22:00:00+00:00,1.03354,1.04288,1.02904,1.04072
2022-11-30 22:00:00+00:00,1.04082,1.05340,1.03933,1.05260
2022-12-01 22:00:00+00:00,1.05230,1.05452,1.04284,1.05406
2022-12-04 22:00:00+00:00,1.05357,1.05950,1.04804,1.04948
2022-12-05 22:00:00+00:00,1.04903,1.05330,1.04594,1.04670
2022-12-06 22:00:00+00:00,1.04671,1.05498,1.04434,1.05064
2022-12-07 22:00:00+00:00,1.05081,1.05650,1.04896,1.05552
2022-12-08 22:00:00+00:00,1.05573,1.05883,1.05036,1.05330
2022-12-11 22:00:00+00:00,1.05328,1.05803,1.05060,1.05378
2022-12-12 22:00:00+00:00,1.05358,1.06736,1.05281,1.06317
2022-12-13 22:00:00+00:00,1.06322,1.06951,1.06190,1.06822
2022-12-14 22:00:00+00:00,1.06812,1.07362,1.05924,1.06267
2022-12-15 22:00:00+00:00,1.06285,1.06633,1.05848,1.05848
2022-12-18 22:00:00+00:00,1.05890,1.06580,1.05760,1.06079
2022-12-19 22:00:00+00:00,1.06060,1.06586,1.05790,1.06213
2022-12-20 22:00:00+00:00,1.06268,1.06454,1.05904,1.06052
2022-12-21 22:00:00+00:00,1.06060,1.06595,1.05734,1.05972
2022-12-22 22:00:00+00:00,1.05964,1.06332,1.05868,1.06162
2022-12-26 22:00:00+00:00,1.06357,1.06696,1.06115,1.06380
2022-12-27 22:00:00+00:00,1.06408,1.06746,1.06067,1.06122
2022-12-28 22:00:00+00:00,1.06120,1.06906,1.06097,1.06610
2022-12-29 22:00:00+00:00,1.06616,1.07133,1.06386,1.07039
2023-01-01 22:00:00+00:00,1.06999,1.07090,1.06504,1.06638
2023-01-02 22:00:00+00:00,1.06675,1.06835,1.05195,1.05490
2023-01-03 22:00:00+00:00,1.05478,1.06354,1.05408,1.06044
2023-01-04 22:00:00+00:00,1.06039,1.06316,1.05150,1.05215
2023-01-05 22:00:00+00:00,1.05210,1.06482,1.04833,1.06444
2023-01-08 22:00:00+00:00,1.06420,1.07608,1.06394,1.07338
2023-01-09 22:00:00+00:00,1.07323,1.07594,1.07122,1.07342
2023-01-10 22:00:00+00:00,1.07346,1.07764,1.07256,1.07579
2023-01-11 22:00:00+00:00,1.07566,1.08670,1.07305,1.08514
2023-01-12 22:00:00+00:00,1.08487,1.08680,1.07804,1.08324
2023-01-15 22:00:00+00:00,1.08311,1.08743,1.08015,1.08237
2023-01-16 22:00:00+00:00,1.08220,1.08695,1.07744,1.07880
2023-01-17 22:00:00+00:00,1.07904,1.08876,1.07662,1.07946
2023-01-18 22:00:00+00:00,1.07904,1.08400,1.07822,1.08312
2023-01-19 22:00:00+00:00,1.08320,1.08590,1.08024,1.08555
2023-01-22 22:00:00+00:00,1.08650,1.09270,1.08462,1.08718
2023-01-23 22:00:00+00:00,1.08718,1.08981,1.08352,1.08882
2023-01-24 22:00:00+00:00,1.08866,1.09237,1.08574,1.09152
2023-01-25 22:00:00+00:00,1.09168,1.09296,1.08506,1.08912
2023-01-26 22:00:00+00:00,1.08916,1.09004,1.08379,1.08679
2023-01-29 22:00:00+00:00,1.08646,1.09139,1.08394,1.08517
2023-01-30 22:00:00+00:00,1.08494,1.08749,1.08022,1.08632
2023-01-31 22:00:00+00:00,1.08642,1.10013,1.08522,1.09896
2023-02-01 22:00:00+00:00,1.09886,1.10330,1.08854,1.09098
2023-02-02 22:00:00+00:00,1.09096,1.09404,1.07928,1.07939
2023-02-05 22:00:00+00:00,1.07843,1.07991,1.07094,1.07250
2023-02-06 22:00:00+00:00,1.07276,1.07667,1.06692,1.07274
2023-02-07 22:00:00+00:00,1.07241,1.07609,1.07095,1.07143
2023-02-08 22:00:00+00:00,1.07126,1.07911,1.07094,1.07390
2023-02-09 22:00:00+00:00,1.07383,1.07528,1.06662,1.06774
2023-02-12 22:00:00+00:00,1.06834,1.07300,1.06556,1.07242
2023-02-13 22:00:00+00:00,1.07223,1.08047,1.07068,1.07357
2023-02-14 22:00:00+00:00,1.07376,1.07446,1.06605,1.06880
2023-02-15 22:00:00+00:00,1.06893,1.07226,1.06544,1.06730
2023-02-16 22:00:00+00:00,1.06726,1.06984,1.06128,1.06937
2023-02-19 22:00:00+00:00,1.06878,1.07048,1.06702,1.06844
2023-02-20 22:00:00+00:00,1.06852,1.06984,1.06375,1.06464
2023-02-21 22:00:00+00:00,1.06490,1.06642,1.05992,1.06044
2023-02-22 22:00:00+00:00,1.06059,1.06278,1.05770,1.05950
2023-02-23 22:00:00+00:00,1.05930,1.06143,1.05362,1.05457
2023-02-26 22:00:00+00:00,1.05484,1.06200,1.05328,1.06098
2023-02-27 22:00:00+00:00,1.06060,1.06454,1.05742,1.05753
2023-02-28 22:00:00+00:00,1.05764,1.06915,1.05653,1.06696
2023-03-01 22:00:00+00:00,1.06690,1.06730,1.05766,1.05969
2023-03-02 22:00:00+00:00,1.05990,1.06388,1.05883,1.06342
2023-03-05 22:00:00+00:00,1.06273,1.06944,1.06222,1.06831
2023-03-06 22:00:00+00:00,1.06777,1.06946,1.05460,1.05492
2023-03-07 22:00:00+00:00,1.05490,1.05740,1.05244,1.05432
2023-03-08 22:00:00+00:00,1.05462,1.05913,1.05381,1.05822
2023-03-09 22:00:00+00:00,1.05800,1.07010,1.05740,1.06386
2023-03-12 21:00:00+00:00,1.06824,1.07486,1.06504,1.07316
2023-03-13 21:00:00+00:00,1.07278,1.07496,1.06790,1.07332
2023-03-14 21:00:00+00:00,1.07382,1.07600,1.05161,1.05756
2023-03-15 21:00:00+00:00,1.05760,1.06356,1.05510,1.06124
2023-03-16 21:00:00+00:00,1.06089,1.06854,1.06081,1.06656
2023-03-19 21:00:00+00:00,1.06890,1.07308,1.06313,1.07238
2023-03-20 21:00:00+00:00,1.07202,1.07886,1.07040,1.07694
2023-03-21 21:00:00+00:00,1.07676,1.09124,1.07591,1.08561
2023-03-22 21:00:00+00:00,1.08580,1.09298,1.08242,1.08320
2023-03-23 21:00:00+00:00,1.08334,1.08388,1.07132,1.07598
2023-03-26 21:00:00+00:00,1.07750,1.08002,1.07450,1.07992
2023-03-27 21:00:00+00:00,1.07970,1.08487,1.07955,1.08454
2023-03-28 21:00:00+00:00,1.08446,1.08718,1.08178,1.08453
2023-03-29 21:00:00+00:00,1.08440,1.09264,1.08236,1.09062
2023-03-30 21:00:00+00:00,1.09059,1.09258,1.08368,1.08422
2023-04-02 21:00:00+00:00,1.08416,1.09166,1.07882,1.09028
2023-04-03 21:00:00+00:00,1.09042,1.09734,1.08828,1.09566
2023-04-04 21:00:00+00:00,1.09518,1.09699,1.08911,1.09076
2023-04-05 21:00:00+00:00,1.09040,1.09378,1.08846,1.09217
2023-04-06 21:00:00+00:00,1.09219,1.09242,1.08765,1.09012
2023-04-09 21:00:00+00:00,1.09026,1.09174,1.08314,1.08614
2023-04-10 21:00:00+00:00,1.08627,1.09282,1.08588,1.09131
2023-04-11 21:00:00+00:00,1.09124,1.10006,1.09111,1.09904
2023-04-12 21:00:00+00:00,1.09912,1.10678,1.09767,1.10472
2023-04-13 21:00:00+00:00,1.10465,1.10760,1.09724,1.09944
2023-04-16 21:00:00+00:00,1.09901,1.09999,1.09092,1.09274
2023-04-17 21:00:00+00:00,1.09250,1.09830,1.09223,1.09738
2023-04-18 21:00:00+00:00,1.09720,1.09842,1.09172,1.09561
2023-04-19 21:00:00+00:00,1.09552,1.09898,1.09336,1.09705
2023-04-20 21:00:00+00:00,1.09680,1.09939,1.09380,1.09893
2023-04-23 21:00:00+00:00,1.09900,1.10502,1.09660,1.10458
2023-04-24 21:00:00+00:00,1.10461,1.10671,1.09642,1.09748
2023-04-25 21:00:00+00:00,1.09724,1.10956,1.09684,1.10405
2023-04-26 21:00:00+00:00,1.10425,1.10635,1.09922,1.10290
2023-04-27 21:00:00+00:00,1.10250,1.10450,1.09626,1.10170
2023-04-30 21:00:00+00:00,1.10207,1.10358,1.09644,1.09770
2023-05-01 21:00:00+00:00,1.09738,1.10080,1.09422,1.10000
2023-05-02 21:00:00+00:00,1.10038,1.10920,1.10006,1.10608
2023-05-03 21:00:00+00:00,1.10589,1.10917,1.09860,1.10132
2023-05-04 21:00:00+00:00,1.10128,1.10479,1.09667,1.10188
2023-05-07 21:00:00+00:00,1.10231,1.10538,1.10001,1.10040
2023-05-08 21:00:00+00:00,1.10037,1.10054,1.09411,1.09605
2023-05-09 21:00:00+00:00,1.09630,1.10070,1.09416,1.09834
2023-05-10 21:00:00+00:00,1.09812,1.09982,1.09002,1.09158
2023-05-11 21:00:00+00:00,1.09158,1.09356,1.08480,1.08498
2023-05-14 21:00:00+00:00,1.08553,1.08910,1.08457,1.08745
2023-05-15 21:00:00+00:00,1.08752,1.09048,1.08550,1.08620
2023-05-16 21:00:00+00:00,1.08636,1.08738,1.08102,1.08390
2023-05-17 21:00:00+00:00,1.08407,1.08482,1.07625,1.07712
2023-05-18 21:00:00+00:00,1.07701,1.08289,1.07600,1.08062
2023-05-21 21:00:00+00:00,1.08078,1.08313,1.07955,1.08130
2023-05-22 21:00:00+00:00,1.08121,1.08206,1.07602,1.07707
2023-05-23 21:00:00+00:00,1.07721,1.08014,1.07481,1.07494
2023-05-24 21:00:00+00:00,1.07510,1.07569,1.07072,1.07250
2023-05-25 21:00:00+00:00,1.07264,1.07588,1.07018,1.07252
2023-05-28 21:00:00+00:00,1.07223,1.07436,1.07055,1.07091
2023-05-29 21:00:00+00:00,1.07118,1.07467,1.06725,1.07342
2023-05-30 21:00:00+00:00,1.07290,1.07358,1.06352,1.06888
2023-05-31 21:00:00+00:00,1.06854,1.07685,1.06618,1.07622
2023-06-01 21:00:00+00:00,1.07643,1.07790,1.07052,1.07078
2023-06-04 21:00:00+00:00,1.07086,1.07224,1.06746,1.07119
2023-06-05 21:00:00+00:00,1.07161,1.07329,1.06670,1.06922
2023-06-06 21:00:00+00:00,1.06936,1.07398,1.06684,1.06985
2023-06-07 21:00:00+00:00,1.06992,1.07872,1.06960,1.07828
2023-06-08 21:00:00+00:00,1.07838,1.07854,1.07430,1.07496
2023-06-11 21:00:00+00:00,1.07492,1.07902,1.07331,1.07580
2023-06-12 21:00:00+00:00,1.07572,1.08237,1.07554,1.07933
2023-06-13 21:00:00+00:00,1.07954,1.08644,1.07740,1.08316
2023-06-14 21:00:00+00:00,1.08320,1.09527,1.08038,1.09455
2023-06-15 21:00:00+00:00,1.09444,1.09708,1.09178,1.09416
2023-06-18 21:00:00+00:00,1.09422,1.09463,1.09072,1.09210
2023-06-19 21:00:00+00:00,1.09226,1.09462,1.08922,1.09179
2023-06-20 21:00:00+00:00,1.09164,1.09908,1.09058,1.09866
2023-06-21 21:00:00+00:00,1.09866,1.10120,1.09485,1.09558
2023-06-22 21:00:00+00:00,1.09584,1.09594,1.08444,1.08960
2023-06-25 21:00:00+00:00,1.08990,1.09202,1.08874,1.09050
2023-06-26 21:00:00+00:00,1.09074,1.09766,1.09020,1.09608
2023-06-27 21:00:00+00:00,1.09604,1.09630,1.08968,1.09128
2023-06-28 21:00:00+00:00,1.09138,1.09414,1.08603,1.08644
2023-06-29 21:00:00+00:00,1.08650,1.09318,1.08354,1.09110
2023-07-02 21:00:00+00:00,1.09110,1.09341,1.08704,1.09144
2023-07-03 21:00:00+00:00,1.09121,1.09165,1.08768,1.08780
2023-07-04 21:00:00+00:00,1.08824,1.09080,1.08510,1.08534
2023-07-05 21:00:00+00:00,1.08574,1.09006,1.08336,1.08921
2023-07-06 21:00:00+00:00,1.08892,1.09733,1.08670,1.09688
2023-07-09 21:00:00+00:00,1.09610,1.10016,1.09436,1.10012
2023-07-10 21:00:00+00:00,1.10016,1.10274,1.09769,1.10087
2023-07-11 21:00:00+00:00,1.10043,1.11405,1.10034,1.11316
2023-07-12 21:00:00+00:00,1.11329,1.12280,1.11281,1.12264
2023-07-13 21:00:00+00:00,1.12153,1.12451,1.12041,1.12274
2023-07-16 21:00:00+00:00,1.12346,1.12490,1.12033,1.12398
2023-07-17 21:00:00+00:00,1.12354,1.12757,1.12092,1.12284
2023-07-18 21:00:00+00:00,1.12266,1.12402,1.11744,1.12027
2023-07-19 21:00:00+00:00,1.12004,1.12292,1.11185,1.11298
2023-07-20 21:00:00+00:00,1.11300,1.11450,1.11078,1.11256
2023-07-23 21:00:00+00:00,1.11275,1.11470,1.10603,1.10648
2023-07-24 21:00:00+00:00,1.10654,1.10870,1.10208,1.10548
2023-07-25 21:00:00+00:00,1.10528,1.11070,1.10378,1.10862
2023-07-26 21:00:00+00:00,1.10825,1.11498,1.09660,1.09762
2023-07-27 21:00:00+00:00,1.09773,1.10475,1.09436,1.10171
2023-07-30 21:00:00+00:00,1.10195,1.10459,1.09936,1.09978
2023-07-31 21:00:00+00:00,1.09958,1.10031,1.09524,1.09848
2023-08-01 21:00:00+00:00,1.09831,1.10206,1.09179,1.09389
2023-08-02 21:00:00+00:00,1.09406,1.09629,1.09122,1.09498
2023-08-03 21:00:00+00:00,1.09457,1.10420,1.09352,1.10096
2023-08-06 21:00:00+00:00,1.10175,1.10206,1.09654,1.10027
2023-08-07 21:00:00+00:00,1.10033,1.10113,1.09290,1.09565
2023-08-08 21:00:00+00:00,1.09539,1.09956,1.09518,1.09736
2023-08-09 21:00:00+00:00,1.09771,1.10652,1.09674,1.09806
2023-08-10 21:00:00+00:00,1.09821,1.10051,1.09430,1.09468
2023-08-13 21:00:00+00:00,1.09532,1.09604,1.08748,1.09072
2023-08-14 21:00:00+00:00,1.09151,1.09524,1.08968,1.09044
2023-08-15 21:00:00+00:00,1.09085,1.09347,1.08716,1.08792
2023-08-16 21:00:00+00:00,1.08903,1.09186,1.08566,1.08723
2023-08-17 21:00:00+00:00,1.08686,1.08940,1.08450,1.08727
2023-08-20 21:00:00+00:00,1.08702,1.09138,1.08697,1.08957
2023-08-21 21:00:00+00:00,1.08932,1.09304,1.08330,1.08461
2023-08-22 21:00:00+00:00,1.08479,1.08715,1.08024,1.08629
2023-08-23 21:00:00+00:00,1.08660,1.08768,1.08050,1.08102
2023-08-24 21:00:00+00:00,1.08104,1.08418,1.07658,1.07944
2023-08-27 21:00:00+00:00,1.07970,1.08224,1.07934,1.08190
2023-08-28 21:00:00+00:00,1.08163,1.08920,1.07823,1.08788
2023-08-29 21:00:00+00:00,1.08754,1.09456,1.08552,1.09234
2023-08-30 21:00:00+00:00,1.09262,1.09398,1.08351,1.08434
2023-08-31 21:00:00+00:00,1.08413,1.08822,1.07721,1.07752
2023-09-03 21:00:00+00:00,1.07784,1.08090,1.07716,1.07966
2023-09-04 21:00:00+00:00,1.07958,1.07985,1.07065,1.07217
2023-09-05 21:00:00+00:00,1.07246,1.07490,1.07027,1.07272
2023-09-06 21:00:00+00:00,1.07244,1.07320,1.06861,1.06959
2023-09-07 21:00:00+00:00,1.07004,1.07438,1.06940,1.06992
2023-09-10 21:00:00+00:00,1.07156,1.07594,1.07084,1.07504
2023-09-11 21:00:00+00:00,1.07492,1.07694,1.07056,1.07566
2023-09-12 21:00:00+00:00,1.07540,1.07650,1.07112,1.07298
2023-09-13 21:00:00+00:00,1.07292,1.07523,1.06319,1.06440
2023-09-14 21:00:00+00:00,1.06388,1.06878,1.06333,1.06592
2023-09-17 21:00:00+00:00,1.06627,1.06989,1.06548,1.06919
2023-09-18 21:00:00+00:00,1.06874,1.07180,1.06752,1.06791
2023-09-19 21:00:00+00:00,1.06816,1.07369,1.06502,1.06599
2023-09-20 21:00:00+00:00,1.06591,1.06736,1.06169,1.06610
2023-09-21 21:00:00+00:00,1.06591,1.06718,1.06150,1.06448
2023-09-24 21:00:00+00:00,1.06546,1.06557,1.05753,1.05932
2023-09-25 21:00:00+00:00,1.05929,1.06091,1.05622,1.05720
2023-09-26 21:00:00+00:00,1.05698,1.05743,1.04880,1.05026
2023-09-27 21:00:00+00:00,1.05074,1.05790,1.04911,1.05664
2023-09-28 21:00:00+00:00,1.05616,1.06171,1.05581,1.05744
2023-10-01 21:00:00+00:00,1.05720,1.05919,1.04779,1.04780
2023-10-02 21:00:00+00:00,1.04788,1.04936,1.04485,1.04669
2023-10-03 21:00:00+00:00,1.04678,1.05322,1.04515,1.05040
2023-10-04 21:00:00+00:00,1.05034,1.05518,1.05000,1.05510
2023-10-05 21:00:00+00:00,1.05495,1.06002,1.04824,1.05872
2023-10-08 21:00:00+00:00,1.05532,1.05744,1.05195,1.05668
2023-10-09 21:00:00+00:00,1.05610,1.06199,1.05544,1.06047
2023-10-10 21:00:00+00:00,1.06044,1.06348,1.05818,1.06183
2023-10-11 21:00:00+00:00,1.06155,1.06399,1.05258,1.05283
2023-10-12 21:00:00+00:00,1.05318,1.05586,1.04954,1.05090
2023-10-15 21:00:00+00:00,1.05132,1.05628,1.05104,1.05593
2023-10-16 21:00:00+00:00,1.05606,1.05950,1.05329,1.05762
2023-10-17 21:00:00+00:00,1.05788,1.05945,1.05232,1.05360
2023-10-18 21:00:00+00:00,1.05341,1.06168,1.05282,1.05814
2023-10-19 21:00:00+00:00,1.05838,1.06038,1.05650,1.05948
2023-10-22 21:00:00+00:00,1.05968,1.06780,1.05715,1.06686
2023-10-23 21:00:00+00:00,1.06703,1.06946,1.05830,1.05910
2023-10-24 21:00:00+00:00,1.05880,1.06068,1.05658,1.05661
2023-10-25 21:00:00+00:00,1.05682,1.05735,1.05218,1.05639
2023-10-26 21:00:00+00:00,1.05622,1.05971,1.05352,1.05652
2023-10-29 21:00:00+00:00,1.05696,1.06253,1.05472,1.06151
2023-10-30 21:00:00+00:00,1.06182,1.06750,1.05574,1.05744
2023-10-31 21:00:00+00:00,1.05743,1.05806,1.05166,1.05690
2023-11-01 21:00:00+00:00,1.05704,1.06678,1.05670,1.06224
2023-11-02 21:00:00+00:00,1.06197,1.07469,1.06149,1.07286
2023-11-05 22:00:00+00:00,1.07250,1.07564,1.07165,1.07177
2023-11-06 22:00:00+00:00,1.07164,1.07224,1.06642,1.07000
2023-11-07 22:00:00+00:00,1.07006,1.07162,1.06594,1.07093
2023-11-08 22:00:00+00:00,1.07072,1.07256,1.06603,1.06681
2023-11-09 22:00:00+00:00,1.06668,1.06929,1.06562,1.06847
2023-11-12 22:00:00+00:00,1.06842,1.07062,1.06651,1.06993
2023-11-13 22:00:00+00:00,1.06973,1.08876,1.06929,1.08791
2023-11-14 22:00:00+00:00,1.08786,1.08861,1.08316,1.08476
2023-11-15 22:00:00+00:00,1.08505,1.08956,1.08302,1.08528
2023-11-16 22:00:00+00:00,1.08484,1.09143,1.08248,1.09127
2023-11-19 22:00:00+00:00,1.09106,1.09519,1.08975,1.09400
2023-11-20 22:00:00+00:00,1.09394,1.09652,1.09002,1.09108
2023-11-21 22:00:00+00:00,1.09124,1.09230,1.08524,1.08888
2023-11-22 22:00:00+00:00,1.08880,1.09309,1.08825,1.09066
2023-11-23 22:00:00+00:00,1.09056,1.09489,1.08950,1.09399
2023-11-26 22:00:00+00:00,1.09452,1.09592,1.09250,1.09546
2023-11-27 22:00:00+00:00,1.09544,1.10090,1.09346,1.09952
2023-11-28 22:00:00+00:00,1.09937,1.10173,1.09602,1.09698
2023-11-29 22:00:00+00:00,1.09714,1.09840,1.08794,1.08884
2023-11-30 22:00:00+00:00,1.08862,1.09128,1.08289,1.08833
2023-12-03 22:00:00+00:00,1.08786,1.08950,1.08041,1.08363
2023-12-04 22:00:00+00:00,1.08354,1.08476,1.07780,1.07983
2023-12-05 22:00:00+00:00,1.07940,1.08048,1.07587,1.07644
2023-12-06 22:00:00+00:00,1.07686,1.08178,1.07551,1.07930
2023-12-07 22:00:00+00:00,1.07944,1.08008,1.07237,1.07610
2023-12-10 22:00:00+00:00,1.07588,1.07790,1.07416,1.07644
2023-12-11 22:00:00+00:00,1.07624,1.08282,1.07603,1.07946
2023-12-12 22:00:00+00:00,1.07934,1.08966,1.07732,1.08751
2023-12-13 22:00:00+00:00,1.08772,1.10094,1.08736,1.09918
2023-12-14 22:00:00+00:00,1.09957,1.10037,1.08886,1.08947
2023-12-17 22:00:00+00:00,1.08976,1.09312,1.08921,1.09236
2023-12-18 22:00:00+00:00,1.09188,1.09876,1.09148,1.09809
2023-12-19 22:00:00+00:00,1.09809,1.09852,1.09298,1.09434
2023-12-20 22:00:00+00:00,1.09404,1.10127,1.09352,1.10122
2023-12-21 22:00:00+00:00,1.10102,1.10404,1.09940,1.10146
2023-12-25 22:00:00+00:00,1.10086,1.10451,1.10079,1.10420
2023-12-26 22:00:00+00:00,1.10424,1.11228,1.10284,1.11066
2023-12-27 22:00:00+00:00,1.11048,1.11396,1.10552,1.10626
2023-12-28 22:00:00+00:00,1.10630,1.10844,1.10342,1.10374
2024-01-01 22:00:00+00:00,1.10440,1.10453,1.09383,1.09406
2024-01-02 22:00:00+00:00,1.09460,1.09656,1.08929,1.09220
2024-01-03 22:00:00+00:00,1.09170,1.09724,1.09160,1.09449
2024-01-04 22:00:00+00:00,1.09487,1.09986,1.08770,1.09442
2024-01-07 22:00:00+00:00,1.09487,1.09790,1.09226,1.09506
2024-01-08 22:00:00+00:00,1.09585,1.09665,1.09102,1.09313
2024-01-09 22:00:00+00:00,1.09292,1.09730,1.09230,1.09727
2024-01-10 22:00:00+00:00,1.09709,1.09996,1.09303,1.09736
2024-01-11 22:00:00+00:00,1.09694,1.09870,1.09360,1.09508
2024-01-14 22:00:00+00:00,1.09474,1.09676,1.09336,1.09503
2024-01-15 22:00:00+00:00,1.09488,1.09512,1.08621,1.08756
2024-01-16 22:00:00+00:00,1.08738,1.08846,1.08446,1.08821
2024-01-17 22:00:00+00:00,1.08824,1.09068,1.08468,1.08763
2024-01-18 22:00:00+00:00,1.08746,1.08978,1.08657,1.08976
2024-01-21 22:00:00+00:00,1.08929,1.09098,1.08800,1.08826
2024-01-22 22:00:00+00:00,1.08848,1.09160,1.08216,1.08536
2024-01-23 22:00:00+00:00,1.08480,1.09324,1.08480,1.08842
2024-01-24 22:00:00+00:00,1.08850,1.09021,1.08217,1.08472
2024-01-25 22:00:00+00:00,1.08438,1.08865,1.08129,1.08546
2024-01-28 22:00:00+00:00,1.08434,1.08501,1.07960,1.08333
2024-01-29 22:00:00+00:00,1.08342,1.08574,1.08120,1.08456
2024-01-30 22:00:00+00:00,1.08413,1.08876,1.07950,1.08176
2024-01-31 22:00:00+00:00,1.08172,1.08749,1.07800,1.08720
2024-02-01 22:00:00+00:00,1.08725,1.08976,1.07805,1.07870
2024-02-04 22:00:00+00:00,1.07861,1.07874,1.07233,1.07419
2024-02-05 22:00:00+00:00,1.07422,1.07624,1.07227,1.07537
2024-02-06 22:00:00+00:00,1.07542,1.07840,1.07512,1.07734
2024-02-07 22:00:00+00:00,1.07726,1.07889,1.07416,1.07782
2024-02-08 22:00:00+00:00,1.07777,1.07955,1.07622,1.07857
2024-02-11 22:00:00+00:00,1.07842,1.08058,1.07560,1.07716
2024-02-12 22:00:00+00:00,1.07738,1.07966,1.07006,1.07094
2024-02-13 22:00:00+00:00,1.07100,1.07346,1.06950,1.07276
2024-02-14 22:00:00+00:00,1.07272,1.07850,1.07247,1.07726
2024-02-15 22:00:00+00:00,1.07706,1.07876,1.07321,1.07768
2024-02-18 22:00:00+00:00,1.07742,1.07895,1.07620,1.07792
2024-02-19 22:00:00+00:00,1.07790,1.08390,1.07616,1.08078
2024-02-20 22:00:00+00:00,1.08068,1.08246,1.07900,1.08196
2024-02-21 22:00:00+00:00,1.08195,1.08885,1.08028,1.08231
2024-02-22 22:00:00+00:00,1.08234,1.08396,1.08118,1.08206
2024-02-25 22:00:00+00:00,1.08314,1.08598,1.08126,1.08514
2024-02-26 22:00:00+00:00,1.08486,1.08660,1.08330,1.08452
2024-02-27 22:00:00+00:00,1.08458,1.08476,1.07966,1.08387
2024-02-28 22:00:00+00:00,1.08374,1.08560,1.07960,1.08048
2024-02-29 22:00:00+00:00,1.08024,1.08434,1.07982,1.08398
2024-03-03 22:00:00+00:00,1.08401,1.08669,1.08379,1.08556
2024-03-04 22:00:00+00:00,1.08560,1.08760,1.08403,1.08568
2024-03-05 22:00:00+00:00,1.08570,1.09154,1.08422,1.08990
2024-03-06 22:00:00+00:00,1.08968,1.09492,1.08677,1.09484
2024-03-07 22:00:00+00:00,1.09462,1.09813,1.09192,1.09388
2024-03-10 21:00:00+00:00,1.09428,1.09482,1.09146,1.09254
2024-03-11 21:00:00+00:00,1.09229,1.09441,1.09023,1.09265
2024-03-12 21:00:00+00:00,1.09264,1.09640,1.09200,1.09481
2024-03-13 21:00:00+00:00,1.09534,1.09548,1.08807,1.08835
2024-03-14 21:00:00+00:00,1.08845,1.08998,1.08730,1.08882
2024-03-17 21:00:00+00:00,1.08907,1.09062,1.08660,1.08726
2024-03-18 21:00:00+00:00,1.08728,1.08766,1.08348,1.08661
2024-03-19 21:00:00+00:00,1.08665,1.09229,1.08365,1.09220
2024-03-20 21:00:00+00:00,1.09204,1.09427,1.08556,1.08598
2024-03-21 21:00:00+00:00,1.08598,1.08682,1.08018,1.08077
2024-03-24 21:00:00+00:00,1.08090,1.08426,1.08021,1.08375
2024-03-25 21:00:00+00:00,1.08376,1.08644,1.08244,1.08312
2024-03-26 21:00:00+00:00,1.08315,1.08392,1.08109,1.08278
2024-03-27 21:00:00+00:00,1.08254,1.08280,1.07750,1.07876
2024-03-28 21:00:00+00:00,1.07886,1.08058,1.07682,1.07932
2024-03-31 21:00:00+00:00,1.07915,1.07989,1.07309,1.07431
2024-04-01 21:00:00+00:00,1.07408,1.07793,1.07245,1.07696
2024-04-02 21:00:00+00:00,1.07704,1.08369,1.07641,1.08361
2024-04-03 21:00:00+00:00,1.08345,1.08766,1.08319,1.08374
2024-04-04 21:00:00+00:00,1.08401,1.08479,1.07914,1.08376
2024-04-07 21:00:00+00:00,1.08383,1.08621,1.08209,1.08592
2024-04-08 21:00:00+00:00,1.08580,1.08851,1.08477,1.08570
2024-04-09 21:00:00+00:00,1.08572,1.08665,1.07288,1.07427
2024-04-10 21:00:00+00:00,1.07446,1.07566,1.06992,1.07262
2024-04-11 21:00:00+00:00,1.07294,1.07294,1.06228,1.06417
2024-04-14 21:00:00+00:00,1.06372,1.06653,1.06203,1.06248
2024-04-15 21:00:00+00:00,1.06245,1.06539,1.06011,1.06186
2024-04-16 21:00:00+00:00,1.06200,1.06797,1.06061,1.06728
2024-04-17 21:00:00+00:00,1.06729,1.06901,1.06415,1.06439
2024-04-18 21:00:00+00:00,1.06451,1.06776,1.06104,1.06564
2024-04-21 21:00:00+00:00,1.06535,1.06708,1.06240,1.06538
2024-04-22 21:00:00+00:00,1.06542,1.07114,1.06386,1.07024
2024-04-23 21:00:00+00:00,1.07032,1.07144,1.06780,1.06992
2024-04-24 21:00:00+00:00,1.06968,1.07402,1.06784,1.07300
2024-04-25 21:00:00+00:00,1.07294,1.07530,1.06740,1.06932
2024-04-28 21:00:00+00:00,1.06938,1.07338,1.06902,1.07200
2024-04-29 21:00:00+00:00,1.07220,1.07355,1.06648,1.06662
2024-04-30 21:00:00+00:00,1.06662,1.07328,1.06494,1.07132
2024-05-01 21:00:00+00:00,1.07130,1.07302,1.06742,1.07252
2024-05-02 21:00:00+00:00,1.07256,1.08126,1.07244,1.07630
2024-05-05 21:00:00+00:00,1.07642,1.07909,1.07552,1.07702
2024-05-06 21:00:00+00:00,1.07692,1.07874,1.07480,1.07548
2024-05-07 21:00:00+00:00,1.07543,1.07576,1.07350,1.07485
2024-05-08 21:00:00+00:00,1.07500,1.07847,1.07240,1.07817
2024-05-09 21:00:00+00:00,1.07824,1.07902,1.07604,1.07708
2024-05-12 21:00:00+00:00,1.07730,1.08070,1.07658,1.07899
2024-05-13 21:00:00+00:00,1.07898,1.08257,1.07672,1.08198
2024-05-14 21:00:00+00:00,1.08200,1.08862,1.08130,1.08838
2024-05-15 21:00:00+00:00,1.08858,1.08951,1.08545,1.08672
2024-05-16 21:00:00+00:00,1.08668,1.08786,1.08358,1.08697
2024-05-19 21:00:00+00:00,1.08680,1.08846,1.08543,1.08568
2024-05-20 21:00:00+00:00,1.08574,1.08748,1.08427,1.08540
2024-05-21 21:00:00+00:00,1.08552,1.08636,1.08175,1.08223
2024-05-22 21:00:00+00:00,1.08229,1.08610,1.08048,1.08156
2024-05-23 21:00:00+00:00,1.08148,1.08579,1.08056,1.08468
2024-05-26 21:00:00+00:00,1.08505,1.08675,1.08406,1.08582
2024-05-27 21:00:00+00:00,1.08596,1.08891,1.08549,1.08567
2024-05-28 21:00:00+00:00,1.08580,1.08608,1.08000,1.08010
2024-05-29 21:00:00+00:00,1.08030,1.08452,1.07882,1.08322
2024-05-30 21:00:00+00:00,1.08302,1.08347,1.08114,1.08122
